vendor_name,claims,amount,report_month,report_year,schedule,source_pdf
SHA Paid Facilities - July,,2025.0,July,2025,4,SHA_PAYMENTS_JULY_2025_4.pdf
1 3RD PARK HOSPITAL LIMITED,,33600.0,July,2025,4,SHA_PAYMENTS_JULY_2025_4.pdf
2 A.I.C GITHUMU MISSION HOSPITAL,,1062800.0,July,2025,4,SHA_PAYMENTS_JULY_2025_4.pdf
3 A.I.C KAPSOWAR MISSION HOSPITAL,,224000.0,July,2025,4,SHA_PAYMENTS_JULY_2025_4.pdf
4 AFRICA INUKA HOSPITAL LTD- MILIMANI,,1552300.0,July,2025,4,SHA_PAYMENTS_JULY_2025_4.pdf
5 AFRICA INUKA HOSPITAL LTD-MADEYA,,212800.0,July,2025,4,SHA_PAYMENTS_JULY_2025_4.pdf
6 AFRICA MUSLIM AGENCY HEALTH CENTRE,,3549280.0,July,2025,4,SHA_PAYMENTS_JULY_2025_4.pdf
7 AFYA INTERNATIONAL HOSPITAL,,627200.0,July,2025,4,SHA_PAYMENTS_JULY_2025_4.pdf
8 AIC CURE INTERNATIONAL HOSPITAL,,1736000.0,July,2025,4,SHA_PAYMENTS_JULY_2025_4.pdf
9 AIC KIJABE HOSPITAL,,14537960.0,July,2025,4,SHA_PAYMENTS_JULY_2025_4.pdf
10 AIC LITEIN HOSPITAL,,3387600.0,July,2025,4,SHA_PAYMENTS_JULY_2025_4.pdf
11 AL-AMANNAH HOSPITAL,,772800.0,July,2025,4,SHA_PAYMENTS_JULY_2025_4.pdf
12 AL-BUSHRA MEDICAL CENTRE,,145600.0,July,2025,4,SHA_PAYMENTS_JULY_2025_4.pdf
13 AL-FOWZ NURSING HOME,,134400.0,July,2025,4,SHA_PAYMENTS_JULY_2025_4.pdf
14 ALPHA HILL MEDICAL CENTER LIMITED,,2354800.0,July,2025,4,SHA_PAYMENTS_JULY_2025_4.pdf
15 ANSARI MEDICAL CLINIC &amp; LABORATORY,,56000.0,July,2025,4,SHA_PAYMENTS_JULY_2025_4.pdf
16 ANTALIYA HOSPITAL LIMITED,,737840.0,July,2025,4,SHA_PAYMENTS_JULY_2025_4.pdf
17 APEX HEAL EYE CENTRE LIMITED,,100800.0,July,2025,4,SHA_PAYMENTS_JULY_2025_4.pdf
18 ARAWA HOSPITAL LIMITED,,537600.0,July,2025,4,SHA_PAYMENTS_JULY_2025_4.pdf
19 ASSUMPTION OF MARY ITHANGA CATHOLIC HOSPITAL,,1142400.0,July,2025,4,SHA_PAYMENTS_JULY_2025_4.pdf
20 ASTER HEALTHCARE LIMITED,,2210880.0,July,2025,4,SHA_PAYMENTS_JULY_2025_4.pdf
21 AVENUE HOSPITAL,,593600.0,July,2025,4,SHA_PAYMENTS_JULY_2025_4.pdf
22 AVENUE HOSPITAL THIKA,,156800.0,July,2025,4,SHA_PAYMENTS_JULY_2025_4.pdf
23 AVENUE HOSPITAL- KISUMU,,1412960.0,July,2025,4,SHA_PAYMENTS_JULY_2025_4.pdf
24 BAMA HOSPITAL LLP,,526400.0,July,2025,4,SHA_PAYMENTS_JULY_2025_4.pdf
25 BARIKA MEDICAL CENTRE LIMITED,,280000.0,July,2025,4,SHA_PAYMENTS_JULY_2025_4.pdf
26 BAYLEAF HEALTH CENTRE,,1498560.0,July,2025,4,SHA_PAYMENTS_JULY_2025_4.pdf
27 BELARISU MEDICAL CENTRE,,201600.0,July,2025,4,SHA_PAYMENTS_JULY_2025_4.pdf
28 BENTA AND LEON HEALTHCARE LTD,,1184400.0,July,2025,4,SHA_PAYMENTS_JULY_2025_4.pdf
29 BESTCARE HOSPITAL LIMITED,,604800.0,July,2025,4,SHA_PAYMENTS_JULY_2025_4.pdf
30 BETHESDA HEALTH CARE SERVICES COMPANY LIMITED,,2676800.0,July,2025,4,SHA_PAYMENTS_JULY_2025_4.pdf
31 BEYOND SCOPE HOSPITAL,,134400.0,July,2025,4,SHA_PAYMENTS_JULY_2025_4.pdf
32 BIBLE FAITH CHURCH MEDICAL SERVICES,,1419000.0,July,2025,4,SHA_PAYMENTS_JULY_2025_4.pdf
33 BISHOP U. J. KIOKO CATHOLIC HOSPITAL,,3278800.0,July,2025,4,SHA_PAYMENTS_JULY_2025_4.pdf
34 BLOOM HOSPITAL NAKURU LIMITED,,156800.0,July,2025,4,SHA_PAYMENTS_JULY_2025_4.pdf
35 BLOOM SURGICAL CENTRE LIMITED - KISUMU,,33600.0,July,2025,4,SHA_PAYMENTS_JULY_2025_4.pdf
36 BONDO SUB-COUNTY REFERRAL HOSPITAL,,71000.0,July,2025,4,SHA_PAYMENTS_JULY_2025_4.pdf
37 BOSONGO MEDICAL CENTRE,,7145600.0,July,2025,4,SHA_PAYMENTS_JULY_2025_4.pdf
38 BRISTOL PARK HOSPITAL MACHAKOS,,1030400.0,July,2025,4,SHA_PAYMENTS_JULY_2025_4.pdf
39 BRISTOL PARK HOSPITAL-KITENGELA,,134400.0,July,2025,4,SHA_PAYMENTS_JULY_2025_4.pdf
40 BUKAAN DEEQ NURSING HOME LIMITED,,1402800.0,July,2025,4,SHA_PAYMENTS_JULY_2025_4.pdf
41 BUNGOMA COUNTY REFERRAL HOSPITAL,,145600.0,July,2025,4,SHA_PAYMENTS_JULY_2025_4.pdf
42 BUNGOMA WEST HOSPITAL,,89600.0,July,2025,4,SHA_PAYMENTS_JULY_2025_4.pdf
43 BURNT FOREST SUB-COUNTY HOSPITAL,,16000.0,July,2025,4,SHA_PAYMENTS_JULY_2025_4.pdf
44 BUSHRAA MEDICAL CENTRE,,77840.0,July,2025,4,SHA_PAYMENTS_JULY_2025_4.pdf
45 BUTE NURSING HOME,,76700.0,July,2025,4,SHA_PAYMENTS_JULY_2025_4.pdf
46 BUTERE COUNTY HOSPITAL,,33600.0,July,2025,4,SHA_PAYMENTS_JULY_2025_4.pdf
47 CANA HOSPITAL,,22400.0,July,2025,4,SHA_PAYMENTS_JULY_2025_4.pdf
48 CARITAS COMMUNITY HOSPITAL,,235200.0,July,2025,4,SHA_PAYMENTS_JULY_2025_4.pdf
49 CARMEL HOSPITAL,,201600.0,July,2025,4,SHA_PAYMENTS_JULY_2025_4.pdf
50 CENTRAL MEMORIAL HOSPITAL LTD,,940800.0,July,2025,4,SHA_PAYMENTS_JULY_2025_4.pdf
Page 1 of,,8.0,July,2025,4,SHA_PAYMENTS_JULY_2025_4.pdf
51 CHARITY MEDICAL HOSPITAL,,557760.0,July,2025,4,SHA_PAYMENTS_JULY_2025_4.pdf
52 CHELYMO MEDICAL CENTRE,,705600.0,July,2025,4,SHA_PAYMENTS_JULY_2025_4.pdf
53 CHIRON MEDICAL DIAGNOSTICS AND IMAGING HOSPITAL LIMITED,,8402000.0,July,2025,4,SHA_PAYMENTS_JULY_2025_4.pdf
54 CHRISTAMARIANNE MISSION HOSPITAL (ASUMBI),,3258080.0,July,2025,4,SHA_PAYMENTS_JULY_2025_4.pdf
55 CITY EYE HOSPITAL,,1667599.0,July,2025,4,SHA_PAYMENTS_JULY_2025_4.pdf
56 CITY EYE HOSPITAL LIMITED,,366240.0,July,2025,4,SHA_PAYMENTS_JULY_2025_4.pdf
57 CITY GATE DOCTORS PLAZA LTD,,627200.0,July,2025,4,SHA_PAYMENTS_JULY_2025_4.pdf
58 CONSOLATA HOSPITAL KYENI,,883580.0,July,2025,4,SHA_PAYMENTS_JULY_2025_4.pdf
59 CONSOLATA HOSPITAL GITORO,,134400.0,July,2025,4,SHA_PAYMENTS_JULY_2025_4.pdf
60 CONSOLATA HOSPITAL MATHARI,,1589840.0,July,2025,4,SHA_PAYMENTS_JULY_2025_4.pdf
61 CONSOLATA HOSPITAL NANYUKI,,156600.0,July,2025,4,SHA_PAYMENTS_JULY_2025_4.pdf
62 CONSOLATA HOSPITAL NKUBU,,2049600.0,July,2025,4,SHA_PAYMENTS_JULY_2025_4.pdf
63 COTTOLENGO MISSION HOSPITAL,,1130640.0,July,2025,4,SHA_PAYMENTS_JULY_2025_4.pdf
64 COUNT MEDICAL AND DIAGNOSTIC LIMITED,,2924200.0,July,2025,4,SHA_PAYMENTS_JULY_2025_4.pdf
65 COUNTY MEDICAL CENTRE EMBU LTD,,1476720.0,July,2025,4,SHA_PAYMENTS_JULY_2025_4.pdf
66 CRESCENT COMMUNITY HOSPITAL LIMITED,,1668800.0,July,2025,4,SHA_PAYMENTS_JULY_2025_4.pdf
67 CROWN SPECIALIST CENTRE,,3985620.0,July,2025,4,SHA_PAYMENTS_JULY_2025_4.pdf
68 CRYSTAL COTTAGE HOSPITAL & MEDICAL CLINIC LTD,,4378960.0,July,2025,4,SHA_PAYMENTS_JULY_2025_4.pdf
69 DARUSALAAM HOSPITAL,,302400.0,July,2025,4,SHA_PAYMENTS_JULY_2025_4.pdf
70 DIANI BEACH HOSPITAL,,6088260.0,July,2025,4,SHA_PAYMENTS_JULY_2025_4.pdf
71 DIANI BEACH HOSPITAL LIMITED-SHIKA ADABU,,89600.0,July,2025,4,SHA_PAYMENTS_JULY_2025_4.pdf
72 DR AGARWALS EYE HOSPITAL,,1541400.0,July,2025,4,SHA_PAYMENTS_JULY_2025_4.pdf
73 DR.AGARWAL'S EYE HOSPITAL,,67200.0,July,2025,4,SHA_PAYMENTS_JULY_2025_4.pdf
74 EAGLE HEALTH AND CLINIC SERVICES,,436800.0,July,2025,4,SHA_PAYMENTS_JULY_2025_4.pdf
75 EASTEND DOCTORS PLAZA MEDICAL CENTRE LIMITED,,145600.0,July,2025,4,SHA_PAYMENTS_JULY_2025_4.pdf
76 ELBURGON SUB-COUNTY HOSPITAL,,56000.0,July,2025,4,SHA_PAYMENTS_JULY_2025_4.pdf
77 ELDAMA RAVINE NURSING HOME,,1108800.0,July,2025,4,SHA_PAYMENTS_JULY_2025_4.pdf
78 ELDAMA RAVINE SUB-COUNTY HOSPITAL,,704800.0,July,2025,4,SHA_PAYMENTS_JULY_2025_4.pdf
79 ELDO EYE CENTER LIMITED,,44800.0,July,2025,4,SHA_PAYMENTS_JULY_2025_4.pdf
80 ELDORET HOSPITAL,,1721200.0,July,2025,4,SHA_PAYMENTS_JULY_2025_4.pdf
81 ELGON VIEW HOSPITAL LIMITED,,168000.0,July,2025,4,SHA_PAYMENTS_JULY_2025_4.pdf
82 ELWAK COTTAGE NURSING HOME,,380800.0,July,2025,4,SHA_PAYMENTS_JULY_2025_4.pdf
83 ELWAK NURSING HOME LIMITED,,77840.0,July,2025,4,SHA_PAYMENTS_JULY_2025_4.pdf
84 EMBU CHILDREN HOSPITAL,,152320.0,July,2025,4,SHA_PAYMENTS_JULY_2025_4.pdf
85 EMBU CHILDREN\'S CLINIC,,1971199.0,July,2025,4,SHA_PAYMENTS_JULY_2025_4.pdf
86 EMBU COUNTY REFERRAL HOSPITAL,,100800.0,July,2025,4,SHA_PAYMENTS_JULY_2025_4.pdf
87 EMORY HOSPITAL LIMITED,,235200.0,July,2025,4,SHA_PAYMENTS_JULY_2025_4.pdf
88 ENGINEER COUNTY HOSPITAL,,89600.0,July,2025,4,SHA_PAYMENTS_JULY_2025_4.pdf
89 ESTEEMED KUTUS MODERN HOSPITAL,,1343440.0,July,2025,4,SHA_PAYMENTS_JULY_2025_4.pdf
"90 EXCEL HEALTH SERVICES, GARISSA",,1310000.0,July,2025,4,SHA_PAYMENTS_JULY_2025_4.pdf
91 EYE &amp; U NAKURU LIMITED,,224000.0,July,2025,4,SHA_PAYMENTS_JULY_2025_4.pdf
92 FAMILYFIRST MEDICAL CENTRE LIMITED,,56000.0,July,2025,4,SHA_PAYMENTS_JULY_2025_4.pdf
93 FAVOUR MEDICAL SERVICES,,22400.0,July,2025,4,SHA_PAYMENTS_JULY_2025_4.pdf
94 FIRENZE NURSING HOME LIMITED,,336000.0,July,2025,4,SHA_PAYMENTS_JULY_2025_4.pdf
95 FLAMINGO MEDICAL CENTRE,,907200.0,July,2025,4,SHA_PAYMENTS_JULY_2025_4.pdf
96 FOUNTAIN HEALTHCARE LIMITED,,145600.0,July,2025,4,SHA_PAYMENTS_JULY_2025_4.pdf
97 FOUNTAIN HEALTHCARE LTD BUNGOMA,,280000.0,July,2025,4,SHA_PAYMENTS_JULY_2025_4.pdf
98 FRIENDS CHURCH SABATIA EYE HOSPITAL,,3001440.0,July,2025,4,SHA_PAYMENTS_JULY_2025_4.pdf
99 FRIENDS LUGULU HOSPITAL,,56000.0,July,2025,4,SHA_PAYMENTS_JULY_2025_4.pdf
100 GAICHANJIRU CATHOLIC HOSPITAL,,279440.0,July,2025,4,SHA_PAYMENTS_JULY_2025_4.pdf
Page 2 of,,8.0,July,2025,4,SHA_PAYMENTS_JULY_2025_4.pdf
101 GALILEE HOSPITAL KITALE LIMITED,,481600.0,July,2025,4,SHA_PAYMENTS_JULY_2025_4.pdf
102 GARISSA DOCTORS PLAZA,,3605320.0,July,2025,4,SHA_PAYMENTS_JULY_2025_4.pdf
103 GARISSA NURSING HOME,,1083100.0,July,2025,4,SHA_PAYMENTS_JULY_2025_4.pdf
104 GATUNDU COUNTY REFERRAL HOSPITAL,,22400.0,July,2025,4,SHA_PAYMENTS_JULY_2025_4.pdf
105 GERMAN MEDICAL CENTER MACHAKOS,,6338798.0,July,2025,4,SHA_PAYMENTS_JULY_2025_4.pdf
106 GIFTED HANDS REGIONAL HOSPITAL,,56000.0,July,2025,4,SHA_PAYMENTS_JULY_2025_4.pdf
107 GLENFIN DONHOLM HOSPITAL LIMITED,,134400.0,July,2025,4,SHA_PAYMENTS_JULY_2025_4.pdf
108 GOODWILL COTTAGE HOSPITAL,,1455440.0,July,2025,4,SHA_PAYMENTS_JULY_2025_4.pdf
109 GRACE PARK MEDICAL CENTRE,,2273600.0,July,2025,4,SHA_PAYMENTS_JULY_2025_4.pdf
110 GRAND ROYALCARE MEDICAL CLINIC LIMITED,,2713200.0,July,2025,4,SHA_PAYMENTS_JULY_2025_4.pdf
111 GREENVIEW NURSING HOME,,56000.0,July,2025,4,SHA_PAYMENTS_JULY_2025_4.pdf
112 GUARDIAN HOSPITAL LIMITED,,2894600.0,July,2025,4,SHA_PAYMENTS_JULY_2025_4.pdf
113 GYNOCARE WOMENS AND FISTULA HOSPITAL LTD,,1240960.0,July,2025,4,SHA_PAYMENTS_JULY_2025_4.pdf
114 HAVANA HOSPITAL LIMITED,,67200.0,July,2025,4,SHA_PAYMENTS_JULY_2025_4.pdf
115 HAVEN HOSPITAL BONDO,,481600.0,July,2025,4,SHA_PAYMENTS_JULY_2025_4.pdf
116 HEALTH WAVE MEDICAL SERVICES LIMITED-HOSPITAL,,2399600.0,July,2025,4,SHA_PAYMENTS_JULY_2025_4.pdf
117 HEALTHGATE HOSPITAL LTD,,369600.0,July,2025,4,SHA_PAYMENTS_JULY_2025_4.pdf
118 HEALTHPACT HOSPITAL,,133840.0,July,2025,4,SHA_PAYMENTS_JULY_2025_4.pdf
119 HOMABAY COUNTY REFERRAL HOSPITAL,,1509600.0,July,2025,4,SHA_PAYMENTS_JULY_2025_4.pdf
120 HOMEGROUND MEDICAL CENTRE,,33600.0,July,2025,4,SHA_PAYMENTS_JULY_2025_4.pdf
121 HOPE MATTERS INTERNATIONAL-VILLAGE OF HOPE HOSPITAL,,30000.0,July,2025,4,SHA_PAYMENTS_JULY_2025_4.pdf
122 HURUMA MATERNITY & NURSING HOME,,33600.0,July,2025,4,SHA_PAYMENTS_JULY_2025_4.pdf
123 HURUMA SUB-COUNTY HOSPITAL,,84000.0,July,2025,4,SHA_PAYMENTS_JULY_2025_4.pdf
124 IJARA SUB-COUNTY HOSPITAL,,33600.0,July,2025,4,SHA_PAYMENTS_JULY_2025_4.pdf
125 IMARA HOSPITAL EMBU,,1820000.0,July,2025,4,SHA_PAYMENTS_JULY_2025_4.pdf
126 INNOVATION EYE CENTRE LTD,,224000.0,July,2025,4,SHA_PAYMENTS_JULY_2025_4.pdf
127 INNOVATION EYE CENTRE LTD-KISUMU,,33600.0,July,2025,4,SHA_PAYMENTS_JULY_2025_4.pdf
128 ISIOLO DRUG MART MEDICAL CENTRE,,581240.0,July,2025,4,SHA_PAYMENTS_JULY_2025_4.pdf
129 ITANDO MISSION OF HOPE AND HEALTHCARE,,4158320.0,July,2025,4,SHA_PAYMENTS_JULY_2025_4.pdf
130 ITARC KENYA LIMITED,,324800.0,July,2025,4,SHA_PAYMENTS_JULY_2025_4.pdf
131 JALARAM NURSING &amp; MATERNITY HOME,,548800.0,July,2025,4,SHA_PAYMENTS_JULY_2025_4.pdf
132 JAMII HOSPITAL KARATINA,,1760080.0,July,2025,4,SHA_PAYMENTS_JULY_2025_4.pdf
133 JAMII WELLNESS HOSPITAL,,112000.0,July,2025,4,SHA_PAYMENTS_JULY_2025_4.pdf
134 JARAMOGI OGINGA ODINGA TEACHING AND REFERRAL HOSPITAL,,3247300.0,July,2025,4,SHA_PAYMENTS_JULY_2025_4.pdf
135 JESMO HOSPITAL,,44800.0,July,2025,4,SHA_PAYMENTS_JULY_2025_4.pdf
136 JORDAN HOSPITAL,,324800.0,July,2025,4,SHA_PAYMENTS_JULY_2025_4.pdf
137 JUJA ROAD MATERNITY HOSPITAL LIMITED- PANGANI,,156800.0,July,2025,4,SHA_PAYMENTS_JULY_2025_4.pdf
138 JUJA ROAD MATERNITY HOSPITAL LIMITED- RUIRU,,638400.0,July,2025,4,SHA_PAYMENTS_JULY_2025_4.pdf
139 JUMUIA FRIENDS HOSPITAL KAIMOSI,,1915200.0,July,2025,4,SHA_PAYMENTS_JULY_2025_4.pdf
140 JUMUIA HOSPITAL HURUMA,,8232000.0,July,2025,4,SHA_PAYMENTS_JULY_2025_4.pdf
141 KABARNET COTTAGE HOSPITAL LIMITED,,558320.0,July,2025,4,SHA_PAYMENTS_JULY_2025_4.pdf
142 KAGIO HOSPITAL LIMITED,,224000.0,July,2025,4,SHA_PAYMENTS_JULY_2025_4.pdf
143 KAGONDO EMMANUEL MISSION HOSPITAL,,2553600.0,July,2025,4,SHA_PAYMENTS_JULY_2025_4.pdf
144 KAJIADO COUNTY REFERRAL HOSPITAL,,246400.0,July,2025,4,SHA_PAYMENTS_JULY_2025_4.pdf
145 KAKAMEGA ORTHOPAEDIC HOSPITAL,,588000.0,July,2025,4,SHA_PAYMENTS_JULY_2025_4.pdf
146 KALIMONI MISSION HOSPITAL,,313600.0,July,2025,4,SHA_PAYMENTS_JULY_2025_4.pdf
147 KANNIKA INTERNATIONAL LTD HOSPITAL-TOM MBOYA,,448000.0,July,2025,4,SHA_PAYMENTS_JULY_2025_4.pdf
148 KAPSABET COUNTY REFERRAL HOSPITAL,,309600.0,July,2025,4,SHA_PAYMENTS_JULY_2025_4.pdf
149 KAPSABET SURGICAL CARE CENTRE LTD,,235200.0,July,2025,4,SHA_PAYMENTS_JULY_2025_4.pdf
150 KENOL HOSPITAL LTD,,2367680.0,July,2025,4,SHA_PAYMENTS_JULY_2025_4.pdf
Page 3 of,,8.0,July,2025,4,SHA_PAYMENTS_JULY_2025_4.pdf
151 KENYATTA NATIONAL HOSPITAL,,417900.0,July,2025,4,SHA_PAYMENTS_JULY_2025_4.pdf
152 KENYATTA UNIVERSITY TEACHING REFERRAL AND RESEARCH HOSPITAL,,697900.0,July,2025,4,SHA_PAYMENTS_JULY_2025_4.pdf
153 KERICHO COUNTY REFFERAL HOSPITAL,,1022800.0,July,2025,4,SHA_PAYMENTS_JULY_2025_4.pdf
154 KERUGOYA COUNTY REFERRAL HOSPITAL,,62700.0,July,2025,4,SHA_PAYMENTS_JULY_2025_4.pdf
155 KERUGOYA FORTIS MEDICAL AND CANCER CENTRE,,1388800.0,July,2025,4,SHA_PAYMENTS_JULY_2025_4.pdf
156 KERUGOYA MEDICAL CENTRE,,789600.0,July,2025,4,SHA_PAYMENTS_JULY_2025_4.pdf
157 KHAIRAT MEDICAL CENTRE LIMITED,,425040.0,July,2025,4,SHA_PAYMENTS_JULY_2025_4.pdf
158 KHALABA MEDICAL SERVICES,,145600.0,July,2025,4,SHA_PAYMENTS_JULY_2025_4.pdf
159 KIMA MISSION HOSPITAL,,1192800.0,July,2025,4,SHA_PAYMENTS_JULY_2025_4.pdf
160 KIMANA ULTRACARE HOSPITAL LIMITED,,134400.0,July,2025,4,SHA_PAYMENTS_JULY_2025_4.pdf
161 KIMININI COTTAGE MISSION HOSPITAL,,755440.0,July,2025,4,SHA_PAYMENTS_JULY_2025_4.pdf
162 KINARA HOSPITAL,,145600.0,July,2025,4,SHA_PAYMENTS_JULY_2025_4.pdf
163 KINONDO KWETU HOSPITAL,,127680.0,July,2025,4,SHA_PAYMENTS_JULY_2025_4.pdf
164 KISII TEACHING AND REFERRAL HOSPITAL,,89600.0,July,2025,4,SHA_PAYMENTS_JULY_2025_4.pdf
165 KITENGELA MEDICAL SERVICES,,1288000.0,July,2025,4,SHA_PAYMENTS_JULY_2025_4.pdf
166 KITENGELA MEDICAL SERVICES--KAJIADO,,1551840.0,July,2025,4,SHA_PAYMENTS_JULY_2025_4.pdf
167 KITENGELA SUB-COUNTY HOSPITAL,,212800.0,July,2025,4,SHA_PAYMENTS_JULY_2025_4.pdf
168 KITUI COUNTY REFERRAL HOSPITAL,,224000.0,July,2025,4,SHA_PAYMENTS_JULY_2025_4.pdf
169 KORY FAMILY HOSPITAL KIMILILI,,1568000.0,July,2025,4,SHA_PAYMENTS_JULY_2025_4.pdf
170 KPN PEARL HEALTH LIMITED,,33600.0,July,2025,4,SHA_PAYMENTS_JULY_2025_4.pdf
171 Kwale District Eye Centre,,33600.0,July,2025,4,SHA_PAYMENTS_JULY_2025_4.pdf
172 LADNAN HOSPITAL,,12015360.0,July,2025,4,SHA_PAYMENTS_JULY_2025_4.pdf
173 LADNAN HOSPITAL WAJIR,,212800.0,July,2025,4,SHA_PAYMENTS_JULY_2025_4.pdf
174 LIFE POINT HOSPITAL,,380800.0,July,2025,4,SHA_PAYMENTS_JULY_2025_4.pdf
175 LIFECARE HOSPITAL LIMITED-KIKUYU,,5778920.0,July,2025,4,SHA_PAYMENTS_JULY_2025_4.pdf
176 LIFECARE HOSPITAL LIMITED-MERU,,5101600.0,July,2025,4,SHA_PAYMENTS_JULY_2025_4.pdf
177 LIFECARE HOSPITAL-ELDORET LIMITED,,7632200.0,July,2025,4,SHA_PAYMENTS_JULY_2025_4.pdf
178 LIGHT HOUSE FOR CHRIST EYE CENTRE,,896000.0,July,2025,4,SHA_PAYMENTS_JULY_2025_4.pdf
179 LIMURU NURSING HOME,,168000.0,July,2025,4,SHA_PAYMENTS_JULY_2025_4.pdf
180 LIONS SIGHTFIRST EYES HOSPITAL,,5926800.0,July,2025,4,SHA_PAYMENTS_JULY_2025_4.pdf
181 LIPTON CENTRAL HOSPITAL,,89600.0,July,2025,4,SHA_PAYMENTS_JULY_2025_4.pdf
182 LISA HOSPITAL LIMITED,,1640799.0,July,2025,4,SHA_PAYMENTS_JULY_2025_4.pdf
183 LIVING ROOM INTERNATIONAL,,3068240.0,July,2025,4,SHA_PAYMENTS_JULY_2025_4.pdf
184 LODWAR TUMAINI MEDICAL SERVICES,,313600.0,July,2025,4,SHA_PAYMENTS_JULY_2025_4.pdf
185 LUMINO NURSING AND MATERNITY HOME,,5400077.0,July,2025,4,SHA_PAYMENTS_JULY_2025_4.pdf
186 LUMUMBA SUB-COUNTY HOSPITAL,,89600.0,July,2025,4,SHA_PAYMENTS_JULY_2025_4.pdf
187 MAKINDU MEDICAL CENTRE,,481600.0,July,2025,4,SHA_PAYMENTS_JULY_2025_4.pdf
188 MAKINDU SUB-COUNTY HOSPITAL,,111000.0,July,2025,4,SHA_PAYMENTS_JULY_2025_4.pdf
189 MAKUENI COUNTY REFERRAL HOSPITAL,,2430400.0,July,2025,4,SHA_PAYMENTS_JULY_2025_4.pdf
190 MALINDI SUB-COUNTY HOSPITAL,,134000.0,July,2025,4,SHA_PAYMENTS_JULY_2025_4.pdf
191 MAMA BIRITA HOSPITAL LIMITED,,89600.0,July,2025,4,SHA_PAYMENTS_JULY_2025_4.pdf
192 MANDERA COUNTY REFERRAL HOSPITAL,,410000.0,July,2025,4,SHA_PAYMENTS_JULY_2025_4.pdf
193 MANDERA WELLNESS CENTRE ANNEX,,145600.0,July,2025,4,SHA_PAYMENTS_JULY_2025_4.pdf
194 MAO AWEYS INTERNATIONAL HOSPITAL LIMITED,,235200.0,July,2025,4,SHA_PAYMENTS_JULY_2025_4.pdf
195 MARAFA HEALTH CENTRE,,44800.0,July,2025,4,SHA_PAYMENTS_JULY_2025_4.pdf
196 MARY HELP OF THE SICK MISSION HOSPITAL,,895800.0,July,2025,4,SHA_PAYMENTS_JULY_2025_4.pdf
197 MARY IMMACULATE HOSPITAL MWEIGA,,3802398.0,July,2025,4,SHA_PAYMENTS_JULY_2025_4.pdf
198 MARY IMMACULATE KERUGOYA HOSPITAL,,1176000.0,July,2025,4,SHA_PAYMENTS_JULY_2025_4.pdf
199 MATIBABU FOUNDATION HOSPITAL UKWALA,,145600.0,July,2025,4,SHA_PAYMENTS_JULY_2025_4.pdf
200 MAUA METHODIST HOSPITAL,,156800.0,July,2025,4,SHA_PAYMENTS_JULY_2025_4.pdf
Page 4 of,,8.0,July,2025,4,SHA_PAYMENTS_JULY_2025_4.pdf
201 MBAGATHI COUNTY REFERRAL HOSPITAL,,854140.0,July,2025,4,SHA_PAYMENTS_JULY_2025_4.pdf
202 MEDIFORTE HOSPITAL LIMITED,,436800.0,July,2025,4,SHA_PAYMENTS_JULY_2025_4.pdf
203 MEDIHEAL HOSPITAL AND FERTILITY CENTRE LTD ELDORET,,134400.0,July,2025,4,SHA_PAYMENTS_JULY_2025_4.pdf
204 MEDILIFE HOSPITAL LIMITED,,14244719.0,July,2025,4,SHA_PAYMENTS_JULY_2025_4.pdf
205 MEDISTAR HOSPITAL KERICHO LIMITED,,873600.0,July,2025,4,SHA_PAYMENTS_JULY_2025_4.pdf
206 MEDSTOPS HEALTHCARE KENYA,,190400.0,July,2025,4,SHA_PAYMENTS_JULY_2025_4.pdf
207 MEGALIFE HOSPITAL LIMITED,,1489600.0,July,2025,4,SHA_PAYMENTS_JULY_2025_4.pdf
208 MEPHI HEALTH SERVICES,,576800.0,July,2025,4,SHA_PAYMENTS_JULY_2025_4.pdf
209 MERU DOCTORS PLAZA LIMITED,,3872020.0,July,2025,4,SHA_PAYMENTS_JULY_2025_4.pdf
210 MERU TEACHING AND REFERRAL HOSPITAL,,1792000.0,July,2025,4,SHA_PAYMENTS_JULY_2025_4.pdf
211 METROPOLITAN HOSPITAL,,12846400.0,July,2025,4,SHA_PAYMENTS_JULY_2025_4.pdf
212 MIGORI COUNTY REFERRAL HOSPITAL,,33500.0,July,2025,4,SHA_PAYMENTS_JULY_2025_4.pdf
213 MIKULINZI NURSING HOME,,280000.0,July,2025,4,SHA_PAYMENTS_JULY_2025_4.pdf
214 MISSION CARE HOSPITAL LIMITED,,77000.0,July,2025,4,SHA_PAYMENTS_JULY_2025_4.pdf
215 MITUNGUU HOSPITAL,,280000.0,July,2025,4,SHA_PAYMENTS_JULY_2025_4.pdf
216 MODERN ABERDARE VIEW HOSPITAL LIMITED,,358400.0,July,2025,4,SHA_PAYMENTS_JULY_2025_4.pdf
217 MOKOWE HEALTH CENTRE,,226670.0,July,2025,4,SHA_PAYMENTS_JULY_2025_4.pdf
218 MOMBASA BREEZE HOSPITAL(MBH) LIMITED,,168000.0,July,2025,4,SHA_PAYMENTS_JULY_2025_4.pdf
219 MOSORIOT SUB-COUNTY HOSPITAL,,16800.0,July,2025,4,SHA_PAYMENTS_JULY_2025_4.pdf
220 MOTHER AMADEA MISSION HOSPITAL,,2256240.0,July,2025,4,SHA_PAYMENTS_JULY_2025_4.pdf
221 MOTHER AND CHILD HOSPITAL,,134400.0,July,2025,4,SHA_PAYMENTS_JULY_2025_4.pdf
222 MOTHER ANGELA HURUMA HOSPITAL,,211680.0,July,2025,4,SHA_PAYMENTS_JULY_2025_4.pdf
223 MOTHER FRANCISCA MISSION MATERNITY AND HEALTH CENTRE,,836400.0,July,2025,4,SHA_PAYMENTS_JULY_2025_4.pdf
224 MT. KENYA ACK HOSPITAL,,3398640.0,July,2025,4,SHA_PAYMENTS_JULY_2025_4.pdf
225 MULEMI NURSING HOME,,1444800.0,July,2025,4,SHA_PAYMENTS_JULY_2025_4.pdf
226 MUNGOMA HOSPITAL,,201600.0,July,2025,4,SHA_PAYMENTS_JULY_2025_4.pdf
227 MURIRANJAS SUB-COUNTY HOSPITAL,,89600.0,July,2025,4,SHA_PAYMENTS_JULY_2025_4.pdf
228 MWEA MEDICAL CENTRE,,291200.0,July,2025,4,SHA_PAYMENTS_JULY_2025_4.pdf
229 MWINGI SPECIALIST HOSPITAL,,302400.0,July,2025,4,SHA_PAYMENTS_JULY_2025_4.pdf
230 NAIDU HOSPITAL LTD,,89600.0,July,2025,4,SHA_PAYMENTS_JULY_2025_4.pdf
231 NAIROBI EAST HOSPITAL LTD,,1309280.0,July,2025,4,SHA_PAYMENTS_JULY_2025_4.pdf
232 NAIROBI WEST HOSPITAL,,436800.0,July,2025,4,SHA_PAYMENTS_JULY_2025_4.pdf
233 NAIVASHA SUB-COUNTY HOSPITAL,,167440.0,July,2025,4,SHA_PAYMENTS_JULY_2025_4.pdf
234 NAMO HOSPITAL LIMITED,,627200.0,July,2025,4,SHA_PAYMENTS_JULY_2025_4.pdf
235 NAROK COTTAGE HOSPITAL,,336000.0,July,2025,4,SHA_PAYMENTS_JULY_2025_4.pdf
236 NATIONAL SPINAL INJURY REFERRAL HOSPITAL,,1153600.0,July,2025,4,SHA_PAYMENTS_JULY_2025_4.pdf
237 NAWAAL NURSING HOME LIMITED,,480480.0,July,2025,4,SHA_PAYMENTS_JULY_2025_4.pdf
238 NAZARETH HOSPITAL,,179200.0,July,2025,4,SHA_PAYMENTS_JULY_2025_4.pdf
239 NAZARETH RUIRU HOSPITAL,,268800.0,July,2025,4,SHA_PAYMENTS_JULY_2025_4.pdf
240 NDONYO HEALTHCARE-KWA MUHIA,,212800.0,July,2025,4,SHA_PAYMENTS_JULY_2025_4.pdf
241 NEEMA UNIVERSAL HEALTH CARE LIMITED-EMBU TOWN,,3202639.0,July,2025,4,SHA_PAYMENTS_JULY_2025_4.pdf
242 NEW BUSIA MATERNITY &amp; NURSING HOME,,1254400.0,July,2025,4,SHA_PAYMENTS_JULY_2025_4.pdf
243 NEW ELGON VIEW MEDICAL COTTAGE,,291200.0,July,2025,4,SHA_PAYMENTS_JULY_2025_4.pdf
244 NEWLIFE COTTAGE HOSPITAL LIMITED,,380800.0,July,2025,4,SHA_PAYMENTS_JULY_2025_4.pdf
245 NGARA COMPREHENSIVE HEALTH SERVICES LIMITED,,22400.0,July,2025,4,SHA_PAYMENTS_JULY_2025_4.pdf
246 NGONG RAPHA HOSPITAL,,357840.0,July,2025,4,SHA_PAYMENTS_JULY_2025_4.pdf
247 NORTH KINANGOP CATHOLIC HOSPITAL,,9099240.0,July,2025,4,SHA_PAYMENTS_JULY_2025_4.pdf
248 NORTHERN SPECIALISTS HOSPITAL LIMITED,,77840.0,July,2025,4,SHA_PAYMENTS_JULY_2025_4.pdf
249 NORTHLIGHT HOSPITAL LIMITED,,145600.0,July,2025,4,SHA_PAYMENTS_JULY_2025_4.pdf
250 NOVAS SPECIALIST HOSPITAL-LODWAR(CANCER & INFECTIOUS DESEASE),,884760.0,July,2025,4,SHA_PAYMENTS_JULY_2025_4.pdf
Page 5 of,,8.0,July,2025,4,SHA_PAYMENTS_JULY_2025_4.pdf
251 NYABONDO HOSPITAL,,729300.0,July,2025,4,SHA_PAYMENTS_JULY_2025_4.pdf
252 NYAHURURU COUNTY REFERRAL HOSPITAL,,935200.0,July,2025,4,SHA_PAYMENTS_JULY_2025_4.pdf
253 NYAMBENE SUB-COUNTY HOSPITAL,,123200.0,July,2025,4,SHA_PAYMENTS_JULY_2025_4.pdf
254 NYANCHWA ADVENTIST MISSION HOSPITAL,,1635200.0,July,2025,4,SHA_PAYMENTS_JULY_2025_4.pdf
255 NYANGENA HOSPITAL LTD,,168000.0,July,2025,4,SHA_PAYMENTS_JULY_2025_4.pdf
256 OAKWOOD HOSPITAL LIMITED,,134400.0,July,2025,4,SHA_PAYMENTS_JULY_2025_4.pdf
257 OASIS DOCTORS PLAZA,,33600.0,July,2025,4,SHA_PAYMENTS_JULY_2025_4.pdf
258 OASIS DOCTORS PLAZA MIGORI,,330400.0,July,2025,4,SHA_PAYMENTS_JULY_2025_4.pdf
259 OASIS DOCTORS PLAZA NYAMIRA,,61600.0,July,2025,4,SHA_PAYMENTS_JULY_2025_4.pdf
260 OASIS DOCTORS PLAZA WEBUYE LIMITED,,666400.0,July,2025,4,SHA_PAYMENTS_JULY_2025_4.pdf
261 OASIS SPECIALIST HOSPITAL,,1376400.0,July,2025,4,SHA_PAYMENTS_JULY_2025_4.pdf
262 OLJABET HOSPITAL,,1747200.0,July,2025,4,SHA_PAYMENTS_JULY_2025_4.pdf
263 OPTIMAL FAMILY LIMITED,,1148000.0,July,2025,4,SHA_PAYMENTS_JULY_2025_4.pdf
264 ORTUM MISSION HOSPITAL,,526400.0,July,2025,4,SHA_PAYMENTS_JULY_2025_4.pdf
265 OUR LADY OF LOURDES MUTOMO HOSPITAL,,436800.0,July,2025,4,SHA_PAYMENTS_JULY_2025_4.pdf
266 OUR LADY OF LOURDES MWEA HOSPITAL,,7374080.0,July,2025,4,SHA_PAYMENTS_JULY_2025_4.pdf
267 OUR LADY OF MERCY MISSION HOSPITAL,,3080000.0,July,2025,4,SHA_PAYMENTS_JULY_2025_4.pdf
268 OUR LADY OF PEACE MISSION HOSPITAL CHEBUKAKA,,2231040.0,July,2025,4,SHA_PAYMENTS_JULY_2025_4.pdf
269 OUTSPAN HOSPITAL,,1086400.0,July,2025,4,SHA_PAYMENTS_JULY_2025_4.pdf
270 PATANISHO MATERNITY &amp; NURSING HOME,,403200.0,July,2025,4,SHA_PAYMENTS_JULY_2025_4.pdf
271 PCEA CHOGORIA HOSPITAL,,3323480.0,July,2025,4,SHA_PAYMENTS_JULY_2025_4.pdf
272 PCEA TUMUTUMU MISSION HOSPITAL,,1981840.0,July,2025,4,SHA_PAYMENTS_JULY_2025_4.pdf
273 PEJMED ULTRACARE SPECIALIST HOSPITAL LTD,,974400.0,July,2025,4,SHA_PAYMENTS_JULY_2025_4.pdf
274 PHADAM HOSPITAL COMPANY LTD - NASRA,,56000.0,July,2025,4,SHA_PAYMENTS_JULY_2025_4.pdf
275 PLAINSVIEW NURSING HOME LTD,,470400.0,July,2025,4,SHA_PAYMENTS_JULY_2025_4.pdf
276 PLAZA SPECIALIST HOSPITAL LIMITED,,906400.0,July,2025,4,SHA_PAYMENTS_JULY_2025_4.pdf
277 POPE BENEDICT XVI HOSPITAL,,4188240.0,July,2025,4,SHA_PAYMENTS_JULY_2025_4.pdf
278 PORT-REITZ SUB COUNTY HOSPITAL,,33600.0,July,2025,4,SHA_PAYMENTS_JULY_2025_4.pdf
279 PREMIER HOSPITAL,,112000.0,July,2025,4,SHA_PAYMENTS_JULY_2025_4.pdf
280 PROVINCIAL GENERAL HOSPITAL ANNEX NAKURU,,481600.0,July,2025,4,SHA_PAYMENTS_JULY_2025_4.pdf
281 QASIMS HOSPITAL LIMITED,,1820000.0,July,2025,4,SHA_PAYMENTS_JULY_2025_4.pdf
282 QUEEN ESTHER ISEBANIA MODERN HOSPITAL LIMITED,,33600.0,July,2025,4,SHA_PAYMENTS_JULY_2025_4.pdf
283 RACECOURSE HOSPITAL,,1624000.0,July,2025,4,SHA_PAYMENTS_JULY_2025_4.pdf
284 RADIANT GROUP HOSPITAL LIMITED PANGANI,,727440.0,July,2025,4,SHA_PAYMENTS_JULY_2025_4.pdf
285 RADIANT GROUP OF HOSPITALS KASARANI SPORTSVIEW,,313040.0,July,2025,4,SHA_PAYMENTS_JULY_2025_4.pdf
286 RADIANT GROUP OF HOSPITALS KIAMBU,,1869840.0,July,2025,4,SHA_PAYMENTS_JULY_2025_4.pdf
287 RAM HOSPITAL LTD KISII,,2989840.0,July,2025,4,SHA_PAYMENTS_JULY_2025_4.pdf
288 RANDBURG COMMUNITY HOSPITAL,,761600.0,July,2025,4,SHA_PAYMENTS_JULY_2025_4.pdf
289 RAPHA HOSPITAL & CLINICS,,369600.0,July,2025,4,SHA_PAYMENTS_JULY_2025_4.pdf
290 RAVINE GLORY HOSPITAL LIMITED-MOGOTIO TOWN,,446320.0,July,2025,4,SHA_PAYMENTS_JULY_2025_4.pdf
291 RAVINE SPECIALISTS HOSPITAL LIMITED,,5961560.0,July,2025,4,SHA_PAYMENTS_JULY_2025_4.pdf
292 REALE HOSPITAL UTAWALA LIMITED,,918400.0,July,2025,4,SHA_PAYMENTS_JULY_2025_4.pdf
293 REINHA ROSARY MISSION HOSPITAL,,159600.0,July,2025,4,SHA_PAYMENTS_JULY_2025_4.pdf
294 RELIANCE HOSPITAL LIMITED,,245280.0,July,2025,4,SHA_PAYMENTS_JULY_2025_4.pdf
295 RFH HEALTHCARE - SYOKIMAU,,267120.0,July,2025,4,SHA_PAYMENTS_JULY_2025_4.pdf
296 RFH HEALTHCARE -KIAMBU ROAD,,537040.0,July,2025,4,SHA_PAYMENTS_JULY_2025_4.pdf
297 RFH HEALTHCARE HOSPITAL - RUAKA,,646400.0,July,2025,4,SHA_PAYMENTS_JULY_2025_4.pdf
298 RFH HEALTHCARE-KOMAROCK,,369040.0,July,2025,4,SHA_PAYMENTS_JULY_2025_4.pdf
299 RFH HEALTHCARE-RUIRU,,693280.0,July,2025,4,SHA_PAYMENTS_JULY_2025_4.pdf
300 RFH SPECIALIST HOSPITAL,,2999920.0,July,2025,4,SHA_PAYMENTS_JULY_2025_4.pdf
Page 6 of,,8.0,July,2025,4,SHA_PAYMENTS_JULY_2025_4.pdf
301 RIFT VALLEY PROVINCIAL GENERAL HOSPITAL NAKURU,,5722520.0,July,2025,4,SHA_PAYMENTS_JULY_2025_4.pdf
302 ROBINS HEALTHCARE LIMITED,,1691200.0,July,2025,4,SHA_PAYMENTS_JULY_2025_4.pdf
303 RONGAI ORTHOPAEDIC MEDICAL SERVICES - NKOROI,,2172800.0,July,2025,4,SHA_PAYMENTS_JULY_2025_4.pdf
304 ROYAL MEDICAL HOSPITAL AND MATERNITY HOME LIMITED,,582400.0,July,2025,4,SHA_PAYMENTS_JULY_2025_4.pdf
305 ROYALSTAR FAMILY HOSPITAL LIMITED,,291200.0,July,2025,4,SHA_PAYMENTS_JULY_2025_4.pdf
306 RUAI FAMILY HOSPITAL LTD,,56000.0,July,2025,4,SHA_PAYMENTS_JULY_2025_4.pdf
307 RUIRU NURSING HOSPITAL LIMITED,,1456000.0,July,2025,4,SHA_PAYMENTS_JULY_2025_4.pdf
308 SAINT BRIDGET HOSPITAL LTD,,179200.0,July,2025,4,SHA_PAYMENTS_JULY_2025_4.pdf
309 SAMAAD HOSPITAL,,907200.0,July,2025,4,SHA_PAYMENTS_JULY_2025_4.pdf
310 SAMJOMEN HOSPITAL LIMITED,,111400.0,July,2025,4,SHA_PAYMENTS_JULY_2025_4.pdf
311 SANEL HOSPITAL LIMITED,,190290.0,July,2025,4,SHA_PAYMENTS_JULY_2025_4.pdf
312 SAVANNAH ROYAL HOSPITAL GARISSA LIMITED,,302400.0,July,2025,4,SHA_PAYMENTS_JULY_2025_4.pdf
313 SAYYIDA FATIMAH HOSPITAL KISAUNI,,1416800.0,July,2025,4,SHA_PAYMENTS_JULY_2025_4.pdf
314 SHAMAAL HOSPITAL,,926760.0,July,2025,4,SHA_PAYMENTS_JULY_2025_4.pdf
315 SHAMAAL HOSPITAL-BANISA LIMITED,,77840.0,July,2025,4,SHA_PAYMENTS_JULY_2025_4.pdf
316 SHAMAAL HOSPITAL-TAKABA LIMITED,,56000.0,July,2025,4,SHA_PAYMENTS_JULY_2025_4.pdf
317 SHELLY BEACH HOSPITAL,,324800.0,July,2025,4,SHA_PAYMENTS_JULY_2025_4.pdf
318 SIAYA COUNTY REFERRAL HOSPITAL,,100800.0,July,2025,4,SHA_PAYMENTS_JULY_2025_4.pdf
319 SIAYA MEDICAL CENTRE,,168000.0,July,2025,4,SHA_PAYMENTS_JULY_2025_4.pdf
320 SIHA MEDICAL HOME LIMITED MPEKETONI,,349400.0,July,2025,4,SHA_PAYMENTS_JULY_2025_4.pdf
321 SILOAM HOSPITAL LIMITED,,257600.0,July,2025,4,SHA_PAYMENTS_JULY_2025_4.pdf
322 SINAI HOSPITAL RONGAI LTD,,33600.0,July,2025,4,SHA_PAYMENTS_JULY_2025_4.pdf
323 SIRIBA NURSING HOME,,67200.0,July,2025,4,SHA_PAYMENTS_JULY_2025_4.pdf
324 SISTO MAZZOLDI HOSPITAL,,570200.0,July,2025,4,SHA_PAYMENTS_JULY_2025_4.pdf
325 SOLOLO CATHOLIC MISSION HOSPITAL,,112000.0,July,2025,4,SHA_PAYMENTS_JULY_2025_4.pdf
326 SOUTH B HOSPITAL LTD,,1961120.0,July,2025,4,SHA_PAYMENTS_JULY_2025_4.pdf
327 SOUTHGATE MEDICAL CENTRE,,1197400.0,July,2025,4,SHA_PAYMENTS_JULY_2025_4.pdf
328 SOUTHRIFT HOSPITAL LIMITED,,1505800.0,July,2025,4,SHA_PAYMENTS_JULY_2025_4.pdf
329 ST JOSEPH SHELTER OF HOPE MISSION HOSPITAL,,179200.0,July,2025,4,SHA_PAYMENTS_JULY_2025_4.pdf
330 ST LUKES ORTHOPAEDIC AND TRAUMA HOSPITAL UASIN GISHU,,2648800.0,July,2025,4,SHA_PAYMENTS_JULY_2025_4.pdf
331 ST. AKIDIVA MINDIRA HOSPITAL MABERA,,33600.0,July,2025,4,SHA_PAYMENTS_JULY_2025_4.pdf
332 ST. ANNE MISSION HOSPITAL,,968240.0,July,2025,4,SHA_PAYMENTS_JULY_2025_4.pdf
333 ST. BRIGITTAS CATHOLIC HOSPITAL,,4186360.0,July,2025,4,SHA_PAYMENTS_JULY_2025_4.pdf
334 ST. CAMILLUS MISSION HOSPITAL KARUNGU,,268800.0,July,2025,4,SHA_PAYMENTS_JULY_2025_4.pdf
335 ST. DAMIANO MISSION HOSPITAL,,368480.0,July,2025,4,SHA_PAYMENTS_JULY_2025_4.pdf
336 ST. ELIZABETH MISSION HOSPITAL MUKUMU,,2810600.0,July,2025,4,SHA_PAYMENTS_JULY_2025_4.pdf
337 ST. FRANCIS COMMUNITY HOSPITAL,,3684800.0,July,2025,4,SHA_PAYMENTS_JULY_2025_4.pdf
338 ST. JOHN 'S DIVINE NURSING HOME NYERI,,1108800.0,July,2025,4,SHA_PAYMENTS_JULY_2025_4.pdf
339 ST. JOHN OF GOD CATHOLIC HOSPITAL TIGANIA,,77840.0,July,2025,4,SHA_PAYMENTS_JULY_2025_4.pdf
340 ST. JOSEPHS MISSION HOSPITAL MIGORI,,906800.0,July,2025,4,SHA_PAYMENTS_JULY_2025_4.pdf
341 ST. JUDE NURSING HOME,,313040.0,July,2025,4,SHA_PAYMENTS_JULY_2025_4.pdf
342 ST. LEONARDS HOSPITAL,,515200.0,July,2025,4,SHA_PAYMENTS_JULY_2025_4.pdf
343 ST. MARY'S MISSION HOSPITAL RIFTVALLEY BRANCH,,243360.0,July,2025,4,SHA_PAYMENTS_JULY_2025_4.pdf
344 ST. MARYS MISSION HOSPITAL,,178080.0,July,2025,4,SHA_PAYMENTS_JULY_2025_4.pdf
345 ST. MATIA MULUMBA HOSPITAL,,246400.0,July,2025,4,SHA_PAYMENTS_JULY_2025_4.pdf
346 ST. ORSOLA MISSION HOSPITAL,,851200.0,July,2025,4,SHA_PAYMENTS_JULY_2025_4.pdf
347 ST. TERESA MATERNITY &amp; NURSING HOME -KIKUYU,,44800.0,July,2025,4,SHA_PAYMENTS_JULY_2025_4.pdf
348 ST. THERESA MISSION HOSPITAL KIIRUA,,5947200.0,July,2025,4,SHA_PAYMENTS_JULY_2025_4.pdf
349 ST. THOMAS MATERNITY HOSPITAL,,4653600.0,July,2025,4,SHA_PAYMENTS_JULY_2025_4.pdf
350 ST.CLARE'S KAPLONG MISSION HOSPITAL,,1980160.0,July,2025,4,SHA_PAYMENTS_JULY_2025_4.pdf
Page 7 of,,8.0,July,2025,4,SHA_PAYMENTS_JULY_2025_4.pdf
351 ST.JAMES INFIRMARY BUSIA LIMITED,,313600.0,July,2025,4,SHA_PAYMENTS_JULY_2025_4.pdf
352 ST.JOHN'S MISSION HOSPITAL SIRENDE,,67200.0,July,2025,4,SHA_PAYMENTS_JULY_2025_4.pdf
353 STAR SPECIALIST HOSPITAL LIMITED,,232900.0,July,2025,4,SHA_PAYMENTS_JULY_2025_4.pdf
354 SUMMIT ORTHOPEDICS AND SURGICAL HOSPITAL LIMITED,,486640.0,July,2025,4,SHA_PAYMENTS_JULY_2025_4.pdf
355 SYNERGY CLINICS LIMITED,,1303680.0,July,2025,4,SHA_PAYMENTS_JULY_2025_4.pdf
356 TABAKA MISSION HOSPITAL,,201600.0,July,2025,4,SHA_PAYMENTS_JULY_2025_4.pdf
357 TANAKA NURSING HOME BUSIA,,727800.0,July,2025,4,SHA_PAYMENTS_JULY_2025_4.pdf
358 TAWFIQ HOSPITAL,,1377600.0,July,2025,4,SHA_PAYMENTS_JULY_2025_4.pdf
359 TAYYIBA MEDICAL CENTRE,,425600.0,July,2025,4,SHA_PAYMENTS_JULY_2025_4.pdf
360 TENWEK HOSPITAL,,18300893.0,July,2025,4,SHA_PAYMENTS_JULY_2025_4.pdf
361 TERMARY HEALTHCARE,,487200.0,July,2025,4,SHA_PAYMENTS_JULY_2025_4.pdf
362 THAGANA COUNTY MEDICAL CENTRE,,638400.0,July,2025,4,SHA_PAYMENTS_JULY_2025_4.pdf
363 THE AGA KHAN HOSPITAL - KISUMU,,77800.0,July,2025,4,SHA_PAYMENTS_JULY_2025_4.pdf
364 THE AGA KHAN HOSPITAL MOMBASA,,9094209.0,July,2025,4,SHA_PAYMENTS_JULY_2025_4.pdf
365 THE AGA KHAN UNIVERSITY HOSPITAL NAIROBI,,14960272.0,July,2025,4,SHA_PAYMENTS_JULY_2025_4.pdf
366 THE AVENUE MEDICAL &amp; DIAGNOSTIC CENTRE MAUA,,33600.0,July,2025,4,SHA_PAYMENTS_JULY_2025_4.pdf
367 THE BALOZI HOSPITAL LIMITED,,1792000.0,July,2025,4,SHA_PAYMENTS_JULY_2025_4.pdf
368 THE CHERANGANY HOSPITAL LIMITED,,257600.0,July,2025,4,SHA_PAYMENTS_JULY_2025_4.pdf
369 THE COVENANT HOSPITAL LIMITED,,44800.0,July,2025,4,SHA_PAYMENTS_JULY_2025_4.pdf
370 THE DAWAMEDS HOSPITAL LIMITED,,390815.0,July,2025,4,SHA_PAYMENTS_JULY_2025_4.pdf
371 THE KITUI HOSPITAL,,889840.0,July,2025,4,SHA_PAYMENTS_JULY_2025_4.pdf
372 THE MAKUENI DOCTORS PLAZA LIMITED,,671440.0,July,2025,4,SHA_PAYMENTS_JULY_2025_4.pdf
373 THE MATER HOSPITAL,,271040.0,July,2025,4,SHA_PAYMENTS_JULY_2025_4.pdf
374 THE MATUU HOSPITAL LIMITED,,168000.0,July,2025,4,SHA_PAYMENTS_JULY_2025_4.pdf
375 THE MOMBASA HOSPITAL ASSOCIATION,,89600.0,July,2025,4,SHA_PAYMENTS_JULY_2025_4.pdf
376 THE NAKURU SPECIALIST HOSPITAL LTD(CANCER &amp; INFECTIOUS DESEASE),,2133040.0,July,2025,4,SHA_PAYMENTS_JULY_2025_4.pdf
377 THE NOMAD GYNO HOSPITAL,,134400.0,July,2025,4,SHA_PAYMENTS_JULY_2025_4.pdf
378 THE PINE HOSPITAL LIMITED,,1176000.0,July,2025,4,SHA_PAYMENTS_JULY_2025_4.pdf
379 THE POLYCLINIC HOSPITAL,,414400.0,July,2025,4,SHA_PAYMENTS_JULY_2025_4.pdf
380 THE RIVER JORDAN MEDICAL CENTRE LTD,,1678880.0,July,2025,4,SHA_PAYMENTS_JULY_2025_4.pdf
381 THE THIKA SAM'S HOSPITAL(ANNEX) LTD,,1108800.0,July,2025,4,SHA_PAYMENTS_JULY_2025_4.pdf
382 THE VETERAN MISSION HOSPITALS LIMITED,,494019.0,July,2025,4,SHA_PAYMENTS_JULY_2025_4.pdf
383 THE WHITE CRESCENT HOSPITAL LIMITED,,1645280.0,July,2025,4,SHA_PAYMENTS_JULY_2025_4.pdf
384 THIKA COUNTY REFERRAL HOSPITAL,,2022720.0,July,2025,4,SHA_PAYMENTS_JULY_2025_4.pdf
385 TIGONI SUB-COUNTY HOSPITAL,,89600.0,July,2025,4,SHA_PAYMENTS_JULY_2025_4.pdf
386 TOP CARE ORTHOPAEDIC AND TRAUMA CENTRE LIMITED,,548800.0,July,2025,4,SHA_PAYMENTS_JULY_2025_4.pdf
387 TOP HILL BRAIN AND SPINE HOSPITAL,,32011840.0,July,2025,4,SHA_PAYMENTS_JULY_2025_4.pdf
388 TOPCARE NURSING HOME,,33600.0,July,2025,4,SHA_PAYMENTS_JULY_2025_4.pdf
389 TOWNSHIP COTTAGE HOSPITAL LIMITED,,44800.0,July,2025,4,SHA_PAYMENTS_JULY_2025_4.pdf
390 TRINITY MISSION HOSPITAL LESERU,,2027200.0,July,2025,4,SHA_PAYMENTS_JULY_2025_4.pdf
391 UNIVERSAL FAMILY HEALTH SERVICES.,,302400.0,July,2025,4,SHA_PAYMENTS_JULY_2025_4.pdf
392 USHIRIKA ELITE HOSPITAL LIMITED,,78400.0,July,2025,4,SHA_PAYMENTS_JULY_2025_4.pdf
393 VIHIGA COUNTY REFERRAL HOSPITAL,,33600.0,July,2025,4,SHA_PAYMENTS_JULY_2025_4.pdf
394 VIKAM HOSPITAL MASENO LTD,,33600.0,July,2025,4,SHA_PAYMENTS_JULY_2025_4.pdf
395 VINEYARD HOSPITAL LTD,,5517120.0,July,2025,4,SHA_PAYMENTS_JULY_2025_4.pdf
396 WANANCHI JAMII HOSPITAL LIMITED,,447440.0,July,2025,4,SHA_PAYMENTS_JULY_2025_4.pdf
397 WEBUYE SUB-COUNTY HOSPITAL,,582400.0,July,2025,4,SHA_PAYMENTS_JULY_2025_4.pdf
398 ZAZI HOSPITALS LIMITED,,2251200.0,July,2025,4,SHA_PAYMENTS_JULY_2025_4.pdf
Total,,548046315.0,July,2025,4,SHA_PAYMENTS_JULY_2025_4.pdf
Page 8 of,,8.0,July,2025,4,SHA_PAYMENTS_JULY_2025_4.pdf
